{
  "fold": 2,
  "macro_f1": 0.2929349893091459,
  "best_f1": 0.2929349893091459,
  "best_epoch": 1,
  "epochs_ran": 1
}