{
  "run_id": "20251211_233856_utc",
  "utc_time": "2025-12-12T01:52:16.525844+00:00",
  "git_commit": "fb6a03b0ede44e19129461c65953ab065315755a",
  "data": {
    "train_path": "forca-hack\\outputs\\callcenter\\clean_pii_gate_smoke2\\train_clean.csv",
    "rows": 27258,
    "n_classes": 6,
    "labels": [
      0,
      1,
      2,
      3,
      4,
      5
    ]
  },
  "cv": {
    "n_splits": 2,
    "seed": 42,
    "folds": [
      {
        "fold": 1,
        "n_train": 13629,
        "n_valid": 13629,
        "macro_f1": 0.930767393566371,
        "best_iteration": 790
      },
      {
        "fold": 2,
        "n_train": 13629,
        "n_valid": 13629,
        "macro_f1": 0.9378529364041807,
        "best_iteration": 781
      }
    ],
    "oof_macro_f1": 0.93424404653971,
    "per_class_f1": {
      "0": 0.8785871964679912,
      "1": 0.992462311557789,
      "2": 0.9936873966983293,
      "3": 0.8151950718685832,
      "4": 0.9292682926829269,
      "5": 0.9962640099626401
    },
    "classification_report": {
      "0": {
        "precision": 0.7865612648221344,
        "recall": 0.995,
        "f1-score": 0.8785871964679912,
        "support": 400.0
      },
      "1": {
        "precision": 0.9974747474747475,
        "recall": 0.9875,
        "f1-score": 0.992462311557789,
        "support": 400.0
      },
      "2": {
        "precision": 0.9996394086301534,
        "recall": 0.9878058436930873,
        "f1-score": 0.9936873966983293,
        "support": 25258.0
      },
      "3": {
        "precision": 0.6916376306620209,
        "recall": 0.9925,
        "f1-score": 0.8151950718685832,
        "support": 400.0
      },
      "4": {
        "precision": 0.9071428571428571,
        "recall": 0.9525,
        "f1-score": 0.9292682926829269,
        "support": 400.0
      },
      "5": {
        "precision": 0.9925558312655087,
        "recall": 1.0,
        "f1-score": 0.9962640099626401,
        "support": 400.0
      },
      "accuracy": 0.9876366571281826,
      "macro avg": {
        "precision": 0.8958352899995704,
        "recall": 0.9858843072821811,
        "f1-score": 0.93424404653971,
        "support": 27258.0
      },
      "weighted avg": {
        "precision": 0.9904997107538087,
        "recall": 0.9876366571281826,
        "f1-score": 0.9884535556101832,
        "support": 27258.0
      }
    }
  },
  "final_train": {
    "iterations": 786,
    "params": {
      "loss_function": "MultiClass",
      "auto_class_weights": "Balanced",
      "iterations": 786,
      "learning_rate": 0.08,
      "depth": 8,
      "l2_leaf_reg": 3.0,
      "random_seed": 42,
      "task_type": "CPU",
      "verbose": 200,
      "allow_writing_files": false,
      "od_type": "Iter",
      "od_wait": 100
    }
  },
  "artifacts": {
    "model_path": "forca-hack\\outputs\\callcenter\\catboost_pii_actelcode_smoke\\model.cbm",
    "metrics_path": "forca-hack\\outputs\\callcenter\\catboost_pii_actelcode_smoke\\metrics.json",
    "feature_spec_path": "forca-hack\\outputs\\callcenter\\catboost_pii_actelcode_smoke\\feature_spec.json"
  }
}