{
  "fold": 1,
  "macro_f1": 0.22992372382000306,
  "best_f1": 0.22992372382000306,
  "best_epoch": 1,
  "epochs_ran": 1
}