{
  "run_id": "20251212_113216_utc",
  "utc_time": "2025-12-12T11:32:40.551329+00:00",
  "git_commit": "f13f5fa42b48feef43d965fd435f082f4dcf1cd1",
  "env": {
    "python": "3.13.3 (tags/v3.13.3:6280bb5, Apr  8 2025, 14:47:33) [MSC v.1943 64 bit (AMD64)]",
    "platform": "Windows-11-10.0.26200-SP0",
    "numpy": "2.3.5",
    "pandas": "2.3.3",
    "sklearn": "1.8.0"
  },
  "data": {
    "train_path": "forca-hack\\outputs\\callcenter\\clean\\train_clean.csv",
    "rows": 27258,
    "labels": [
      0,
      1,
      2,
      3,
      4,
      5
    ]
  },
  "cv": {
    "n_splits": 3,
    "seed": 42,
    "folds": [
      {
        "fold": 1,
        "n_train": 18172,
        "n_valid": 9086,
        "macro_f1": 0.97994978973903
      },
      {
        "fold": 2,
        "n_train": 18172,
        "n_valid": 9086,
        "macro_f1": 0.976178676327676
      },
      {
        "fold": 3,
        "n_train": 18172,
        "n_valid": 9086,
        "macro_f1": 0.9855623762096356
      }
    ],
    "oof_macro_f1": 0.9805016801520255,
    "per_class_f1": {
      "0": 0.9739776951672863,
      "1": 0.9987484355444305,
      "2": 0.9983359087127065,
      "3": 0.9454545454545454,
      "4": 0.967741935483871,
      "5": 0.9987515605493134
    },
    "classification_report": {
      "0": {
        "precision": 0.9656019656019657,
        "recall": 0.9825,
        "f1-score": 0.9739776951672863,
        "support": 400.0
      },
      "1": {
        "precision": 1.0,
        "recall": 0.9975,
        "f1-score": 0.9987484355444305,
        "support": 400.0
      },
      "2": {
        "precision": 0.9990880253766852,
        "recall": 0.997584923588566,
        "f1-score": 0.9983359087127065,
        "support": 25258.0
      },
      "3": {
        "precision": 0.9176470588235294,
        "recall": 0.975,
        "f1-score": 0.9454545454545454,
        "support": 400.0
      },
      "4": {
        "precision": 0.9605911330049262,
        "recall": 0.975,
        "f1-score": 0.967741935483871,
        "support": 400.0
      },
      "5": {
        "precision": 0.9975062344139651,
        "recall": 1.0,
        "f1-score": 0.9987515605493134,
        "support": 400.0
      },
      "accuracy": 0.9967349035145645,
      "macro avg": {
        "precision": 0.973405736203512,
        "recall": 0.9879308205980943,
        "f1-score": 0.9805016801520255,
        "support": 27258.0
      },
      "weighted avg": {
        "precision": 0.9968267628476803,
        "recall": 0.9967349035145645,
        "f1-score": 0.9967656486589378,
        "support": 27258.0
      }
    },
    "postprocess": {
      "time_gating": {
        "enabled": true,
        "gate_classes": [
          0,
          3,
          4
        ],
        "fallback_class": 2,
        "changed": 11,
        "oof_macro_f1": 0.98270048532663,
        "per_class_f1": {
          "0": 0.9751861042183623,
          "1": 0.9987484355444305,
          "2": 0.998514527916972,
          "3": 0.9512195121951219,
          "4": 0.9737827715355806,
          "5": 0.9987515605493134
        },
        "classification_report": {
          "0": {
            "precision": 0.9679802955665024,
            "recall": 0.9825,
            "f1-score": 0.9751861042183623,
            "support": 400.0
          },
          "1": {
            "precision": 1.0,
            "recall": 0.9975,
            "f1-score": 0.9987484355444305,
            "support": 400.0
          },
          "2": {
            "precision": 0.9990487891879037,
            "recall": 0.9979808377543748,
            "f1-score": 0.998514527916972,
            "support": 25258.0
          },
          "3": {
            "precision": 0.9285714285714286,
            "recall": 0.975,
            "f1-score": 0.9512195121951219,
            "support": 400.0
          },
          "4": {
            "precision": 0.972568578553616,
            "recall": 0.975,
            "f1-score": 0.9737827715355806,
            "support": 400.0
          },
          "5": {
            "precision": 0.9975062344139651,
            "recall": 1.0,
            "f1-score": 0.9987515605493134,
            "support": 400.0
          },
          "accuracy": 0.997101768288209,
          "macro avg": {
            "precision": 0.9776125543822362,
            "recall": 0.9879968062923958,
            "f1-score": 0.98270048532663,
            "support": 27258.0
          },
          "weighted avg": {
            "precision": 0.997161381324759,
            "recall": 0.997101768288209,
            "f1-score": 0.9971221402796979,
            "support": 27258.0
          }
        }
      }
    }
  },
  "model": {
    "type": "LinearSVC",
    "params": {
      "C": 0.25,
      "max_iter": 12000,
      "class_weight": "balanced"
    },
    "vectorizers": {
      "char": {
        "analyzer": "char_wb",
        "ngram_range": [
          3,
          8
        ],
        "min_df": 2,
        "max_features": 250000
      },
      "word": {
        "analyzer": "word",
        "ngram_range": [
          1,
          3
        ],
        "min_df": 2,
        "max_features": 200000
      }
    }
  },
  "artifacts": {
    "model_path": "forca-hack\\outputs\\callcenter\\expD_word1_3_200k\\model.joblib",
    "metrics_path": "forca-hack\\outputs\\callcenter\\expD_word1_3_200k\\metrics.json",
    "feature_spec_path": "forca-hack\\outputs\\callcenter\\expD_word1_3_200k\\feature_spec.json",
    "fold_models": {
      "enabled": false,
      "n_models": 0,
      "dir": null,
      "manifest_path": null
    }
  }
}