{
  "run_id": "20251212_113634_utc",
  "utc_time": "2025-12-12T11:36:57.607370+00:00",
  "git_commit": "f13f5fa42b48feef43d965fd435f082f4dcf1cd1",
  "env": {
    "python": "3.13.3 (tags/v3.13.3:6280bb5, Apr  8 2025, 14:47:33) [MSC v.1943 64 bit (AMD64)]",
    "platform": "Windows-11-10.0.26200-SP0",
    "numpy": "2.3.5",
    "pandas": "2.3.3",
    "sklearn": "1.8.0"
  },
  "data": {
    "train_path": "forca-hack\\outputs\\callcenter\\clean\\train_clean.csv",
    "rows": 27258,
    "labels": [
      0,
      1,
      2,
      3,
      4,
      5
    ]
  },
  "cv": {
    "n_splits": 3,
    "seed": 42,
    "folds": [
      {
        "fold": 1,
        "n_train": 18172,
        "n_valid": 9086,
        "macro_f1": 0.9786357881116974
      },
      {
        "fold": 2,
        "n_train": 18172,
        "n_valid": 9086,
        "macro_f1": 0.9779711173131228
      },
      {
        "fold": 3,
        "n_train": 18172,
        "n_valid": 9086,
        "macro_f1": 0.9862380764711509
      }
    ],
    "oof_macro_f1": 0.9809117095213123,
    "per_class_f1": {
      "0": 0.9741060419235512,
      "1": 0.9987484355444305,
      "2": 0.9983754655677946,
      "3": 0.9490291262135923,
      "4": 0.9664596273291925,
      "5": 0.9987515605493134
    },
    "classification_report": {
      "0": {
        "precision": 0.9610705596107056,
        "recall": 0.9875,
        "f1-score": 0.9741060419235512,
        "support": 400.0
      },
      "1": {
        "precision": 1.0,
        "recall": 0.9975,
        "f1-score": 0.9987484355444305,
        "support": 400.0
      },
      "2": {
        "precision": 0.9991672614798953,
        "recall": 0.997584923588566,
        "f1-score": 0.9983754655677946,
        "support": 25258.0
      },
      "3": {
        "precision": 0.9221698113207547,
        "recall": 0.9775,
        "f1-score": 0.9490291262135923,
        "support": 400.0
      },
      "4": {
        "precision": 0.9604938271604938,
        "recall": 0.9725,
        "f1-score": 0.9664596273291925,
        "support": 400.0
      },
      "5": {
        "precision": 0.9975062344139651,
        "recall": 1.0,
        "f1-score": 0.9987515605493134,
        "support": 400.0
      },
      "accuracy": 0.9968082764692934,
      "macro avg": {
        "precision": 0.9734012823309691,
        "recall": 0.9887641539314277,
        "f1-score": 0.9809117095213123,
        "support": 27258.0
      },
      "weighted avg": {
        "precision": 0.9968986302539279,
        "recall": 0.9968082764692934,
        "f1-score": 0.9968378247096408,
        "support": 27258.0
      }
    },
    "postprocess": {
      "time_gating": {
        "enabled": true,
        "gate_classes": [
          0,
          3,
          4
        ],
        "fallback_class": 2,
        "changed": 10,
        "oof_macro_f1": 0.9829169036287385,
        "per_class_f1": {
          "0": 0.9753086419753086,
          "1": 0.9987484355444305,
          "2": 0.9985342471180129,
          "3": 0.9536585365853658,
          "4": 0.9725,
          "5": 0.9987515605493134
        },
        "classification_report": {
          "0": {
            "precision": 0.9634146341463414,
            "recall": 0.9875,
            "f1-score": 0.9753086419753086,
            "support": 400.0
          },
          "1": {
            "precision": 1.0,
            "recall": 0.9975,
            "f1-score": 0.9987484355444305,
            "support": 400.0
          },
          "2": {
            "precision": 0.9991279530680197,
            "recall": 0.997941246337794,
            "f1-score": 0.9985342471180129,
            "support": 25258.0
          },
          "3": {
            "precision": 0.930952380952381,
            "recall": 0.9775,
            "f1-score": 0.9536585365853658,
            "support": 400.0
          },
          "4": {
            "precision": 0.9725,
            "recall": 0.9725,
            "f1-score": 0.9725,
            "support": 400.0
          },
          "5": {
            "precision": 0.9975062344139651,
            "recall": 1.0,
            "f1-score": 0.9987515605493134,
            "support": 400.0
          },
          "accuracy": 0.9971384547655734,
          "macro avg": {
            "precision": 0.9772502004301179,
            "recall": 0.988823541056299,
            "f1-score": 0.9829169036287385,
            "support": 27258.0
          },
          "weighted avg": {
            "precision": 0.9972016706433752,
            "recall": 0.9971384547655734,
            "f1-score": 0.9971591783538241,
            "support": 27258.0
          }
        }
      }
    }
  },
  "model": {
    "type": "LinearSVC",
    "params": {
      "C": 0.25,
      "max_iter": 12000,
      "class_weight": "balanced"
    },
    "vectorizers": {
      "char": {
        "analyzer": "char_wb",
        "ngram_range": [
          3,
          9
        ],
        "min_df": 2,
        "max_features": 250000
      },
      "word": {
        "analyzer": "word",
        "ngram_range": [
          1,
          2
        ],
        "min_df": 2,
        "max_features": 120000
      }
    }
  },
  "artifacts": {
    "model_path": "forca-hack\\outputs\\callcenter\\expG_char3_9\\model.joblib",
    "metrics_path": "forca-hack\\outputs\\callcenter\\expG_char3_9\\metrics.json",
    "feature_spec_path": "forca-hack\\outputs\\callcenter\\expG_char3_9\\feature_spec.json",
    "fold_models": {
      "enabled": false,
      "n_models": 0,
      "dir": null,
      "manifest_path": null
    }
  }
}