{
  "run_id": "20251211_233308_utc",
  "utc_time": "2025-12-12T02:07:39.020917+00:00",
  "git_commit": "fb6a03b0ede44e19129461c65953ab065315755a",
  "data": {
    "train_path": "forca-hack\\outputs\\callcenter\\clean\\train_clean.csv",
    "rows": 27258,
    "n_classes": 6,
    "labels": [
      0,
      1,
      2,
      3,
      4,
      5
    ]
  },
  "cv": {
    "n_splits": 2,
    "seed": 42,
    "folds": [
      {
        "fold": 1,
        "n_train": 13629,
        "n_valid": 13629,
        "macro_f1": 0.9316628369047221,
        "best_iteration": 842
      },
      {
        "fold": 2,
        "n_train": 13629,
        "n_valid": 13629,
        "macro_f1": 0.9381459209304374,
        "best_iteration": 984
      }
    ],
    "oof_macro_f1": 0.9348494294608808,
    "per_class_f1": {
      "0": 0.8824833702882483,
      "1": 0.992462311557789,
      "2": 0.9936873966983293,
      "3": 0.8114169215086646,
      "4": 0.9315403422982885,
      "5": 0.9975062344139651
    },
    "classification_report": {
      "0": {
        "precision": 0.7928286852589641,
        "recall": 0.995,
        "f1-score": 0.8824833702882483,
        "support": 400.0
      },
      "1": {
        "precision": 0.9974747474747475,
        "recall": 0.9875,
        "f1-score": 0.992462311557789,
        "support": 400.0
      },
      "2": {
        "precision": 0.9996394086301534,
        "recall": 0.9878058436930873,
        "f1-score": 0.9936873966983293,
        "support": 25258.0
      },
      "3": {
        "precision": 0.685025817555938,
        "recall": 0.995,
        "f1-score": 0.8114169215086646,
        "support": 400.0
      },
      "4": {
        "precision": 0.9114832535885168,
        "recall": 0.9525,
        "f1-score": 0.9315403422982885,
        "support": 400.0
      },
      "5": {
        "precision": 0.9950248756218906,
        "recall": 1.0,
        "f1-score": 0.9975062344139651,
        "support": 400.0
      },
      "accuracy": 0.987673343605547,
      "macro avg": {
        "precision": 0.8969127980217017,
        "recall": 0.9863009739488479,
        "f1-score": 0.9348494294608808,
        "support": 27258.0
      },
      "weighted avg": {
        "precision": 0.9905945826906022,
        "recall": 0.987673343605547,
        "f1-score": 0.9885068580905856,
        "support": 27258.0
      }
    }
  },
  "final_train": {
    "iterations": 913,
    "params": {
      "loss_function": "MultiClass",
      "auto_class_weights": "Balanced",
      "iterations": 913,
      "learning_rate": 0.08,
      "depth": 8,
      "l2_leaf_reg": 3.0,
      "random_seed": 42,
      "task_type": "CPU",
      "verbose": 200,
      "allow_writing_files": false,
      "od_type": "Iter",
      "od_wait": 200
    }
  },
  "artifacts": {
    "model_path": "forca-hack\\outputs\\callcenter\\catboost_smoke_v2\\model.cbm",
    "metrics_path": "forca-hack\\outputs\\callcenter\\catboost_smoke_v2\\metrics.json",
    "feature_spec_path": "forca-hack\\outputs\\callcenter\\catboost_smoke_v2\\feature_spec.json"
  }
}