{
  "run_id": "20251212_105810_utc",
  "utc_time": "2025-12-12T10:58:32.668626+00:00",
  "git_commit": "650ed97c6218ba57db0f8a09baea2ec5b8f0b398",
  "env": {
    "python": "3.13.3 (tags/v3.13.3:6280bb5, Apr  8 2025, 14:47:33) [MSC v.1943 64 bit (AMD64)]",
    "platform": "Windows-11-10.0.26200-SP0",
    "numpy": "2.3.5",
    "pandas": "2.3.3",
    "sklearn": "1.8.0"
  },
  "data": {
    "train_path": "forca-hack\\outputs\\callcenter\\clean\\train_clean.csv",
    "rows": 27258,
    "labels": [
      0,
      1,
      2,
      3,
      4,
      5
    ]
  },
  "cv": {
    "n_splits": 3,
    "seed": 42,
    "folds": [
      {
        "fold": 1,
        "n_train": 18172,
        "n_valid": 9086,
        "macro_f1": 0.97994978973903
      },
      {
        "fold": 2,
        "n_train": 18172,
        "n_valid": 9086,
        "macro_f1": 0.9773820758270083
      },
      {
        "fold": 3,
        "n_train": 18172,
        "n_valid": 9086,
        "macro_f1": 0.9862380764711509
      }
    ],
    "oof_macro_f1": 0.9811422307679633,
    "per_class_f1": {
      "0": 0.9753086419753086,
      "1": 0.9987484355444305,
      "2": 0.9983951815822321,
      "3": 0.9503030303030303,
      "4": 0.9653465346534653,
      "5": 0.9987515605493134
    },
    "classification_report": {
      "0": {
        "precision": 0.9634146341463414,
        "recall": 0.9875,
        "f1-score": 0.9753086419753086,
        "support": 400.0
      },
      "1": {
        "precision": 1.0,
        "recall": 0.9975,
        "f1-score": 0.9987484355444305,
        "support": 400.0
      },
      "2": {
        "precision": 0.9992464802696808,
        "recall": 0.9975453321719852,
        "f1-score": 0.9983951815822321,
        "support": 25258.0
      },
      "3": {
        "precision": 0.9223529411764706,
        "recall": 0.98,
        "f1-score": 0.9503030303030303,
        "support": 400.0
      },
      "4": {
        "precision": 0.9558823529411765,
        "recall": 0.975,
        "f1-score": 0.9653465346534653,
        "support": 400.0
      },
      "5": {
        "precision": 0.9975062344139651,
        "recall": 1.0,
        "f1-score": 0.9987515605493134,
        "support": 400.0
      },
      "accuracy": 0.9968449629466578,
      "macro avg": {
        "precision": 0.973067107157939,
        "recall": 0.9895908886953309,
        "f1-score": 0.9811422307679633,
        "support": 27258.0
      },
      "weighted avg": {
        "precision": 0.9969414507198907,
        "recall": 0.9968449629466578,
        "f1-score": 0.9968761016073899,
        "support": 27258.0
      }
    }
  },
  "model": {
    "type": "LinearSVC",
    "params": {
      "C": 0.25,
      "max_iter": 12000,
      "class_weight": "balanced"
    },
    "vectorizers": {
      "char": {
        "analyzer": "char_wb",
        "ngram_range": [
          3,
          8
        ],
        "min_df": 2,
        "max_features": 250000
      },
      "word": {
        "analyzer": "word",
        "ngram_range": [
          1,
          2
        ],
        "min_df": 2,
        "max_features": 120000
      }
    }
  },
  "artifacts": {
    "model_path": "forca-hack\\outputs\\callcenter\\linear_svc_char3_8\\model.joblib",
    "metrics_path": "forca-hack\\outputs\\callcenter\\linear_svc_char3_8\\metrics.json",
    "feature_spec_path": "forca-hack\\outputs\\callcenter\\linear_svc_char3_8\\feature_spec.json",
    "fold_models": {
      "enabled": false,
      "n_models": 0,
      "dir": null,
      "manifest_path": null
    }
  }
}