{
  "run_id": "20251212_084331_utc",
  "utc_time": "2025-12-12T08:44:08.365290+00:00",
  "git_commit": "a7b53ffaefb447f6ef6071ed9722435c0fd8bc0b",
  "data": {
    "train_path": "c:\\Users\\User\\Desktop\\AI\\forca-hack\\outputs\\callcenter\\clean\\train_clean.csv",
    "rows": 27258,
    "labels": [
      0,
      1,
      2,
      3,
      4,
      5
    ]
  },
  "cv": {
    "n_splits": 3,
    "seed": 42,
    "folds": [
      {
        "fold": 1,
        "n_train": 18172,
        "n_valid": 9086,
        "macro_f1": 0.978538902257159
      },
      {
        "fold": 2,
        "n_train": 18172,
        "n_valid": 9086,
        "macro_f1": 0.9760026369418483
      },
      {
        "fold": 3,
        "n_train": 18172,
        "n_valid": 9086,
        "macro_f1": 0.9849229879431181
      }
    ],
    "oof_macro_f1": 0.9797817094174924,
    "per_class_f1": {
      "0": 0.9701492537313433,
      "1": 0.9987484355444305,
      "2": 0.9982768523836876,
      "3": 0.9464720194647201,
      "4": 0.9662921348314607,
      "5": 0.9987515605493134
    },
    "classification_report": {
      "0": {
        "precision": 0.9653465346534653,
        "recall": 0.975,
        "f1-score": 0.9701492537313433,
        "support": 400.0
      },
      "1": {
        "precision": 1.0,
        "recall": 0.9975,
        "f1-score": 0.9987484355444305,
        "support": 400.0
      },
      "2": {
        "precision": 0.9988109864848798,
        "recall": 0.9977432892548895,
        "f1-score": 0.9982768523836876,
        "support": 25258.0
      },
      "3": {
        "precision": 0.9218009478672986,
        "recall": 0.9725,
        "f1-score": 0.9464720194647201,
        "support": 400.0
      },
      "4": {
        "precision": 0.9650872817955112,
        "recall": 0.9675,
        "f1-score": 0.9662921348314607,
        "support": 400.0
      },
      "5": {
        "precision": 0.9975062344139651,
        "recall": 1.0,
        "f1-score": 0.9987515605493134,
        "support": 400.0
      },
      "accuracy": 0.9966248440824712,
      "macro avg": {
        "precision": 0.97475866420252,
        "recall": 0.9850405482091483,
        "f1-score": 0.9797817094174924,
        "support": 27258.0
      },
      "weighted avg": {
        "precision": 0.9966932385401419,
        "recall": 0.9966248440824712,
        "f1-score": 0.9966484004386122,
        "support": 27258.0
      }
    }
  },
  "model": {
    "type": "LinearSVC",
    "params": {
      "C": 0.5,
      "max_iter": 12000,
      "class_weight": "balanced"
    },
    "vectorizers": {
      "char": {
        "analyzer": "char_wb",
        "ngram_range": [
          2,
          6
        ],
        "min_df": 2,
        "max_features": 150000
      },
      "word": {
        "analyzer": "word",
        "ngram_range": [
          1,
          2
        ],
        "min_df": 2,
        "max_features": 80000
      }
    }
  },
  "artifacts": {
    "model_path": "c:\\Users\\User\\Desktop\\AI\\forca-hack\\outputs\\callcenter\\linear_svc_tune_C\\model.joblib",
    "metrics_path": "c:\\Users\\User\\Desktop\\AI\\forca-hack\\outputs\\callcenter\\linear_svc_tune_C\\metrics.json",
    "feature_spec_path": "c:\\Users\\User\\Desktop\\AI\\forca-hack\\outputs\\callcenter\\linear_svc_tune_C\\feature_spec.json"
  }
}