{
  "run_id": "20251212_113712_utc",
  "utc_time": "2025-12-12T11:37:40.029112+00:00",
  "git_commit": "f13f5fa42b48feef43d965fd435f082f4dcf1cd1",
  "env": {
    "python": "3.13.3 (tags/v3.13.3:6280bb5, Apr  8 2025, 14:47:33) [MSC v.1943 64 bit (AMD64)]",
    "platform": "Windows-11-10.0.26200-SP0",
    "numpy": "2.3.5",
    "pandas": "2.3.3",
    "sklearn": "1.8.0"
  },
  "data": {
    "train_path": "forca-hack\\outputs\\callcenter\\clean\\train_clean.csv",
    "rows": 27258,
    "labels": [
      0,
      1,
      2,
      3,
      4,
      5
    ]
  },
  "cv": {
    "n_splits": 3,
    "seed": 42,
    "folds": [
      {
        "fold": 1,
        "n_train": 18172,
        "n_valid": 9086,
        "macro_f1": 0.9792927883379671
      },
      {
        "fold": 2,
        "n_train": 18172,
        "n_valid": 9086,
        "macro_f1": 0.977323440231845
      },
      {
        "fold": 3,
        "n_train": 18172,
        "n_valid": 9086,
        "macro_f1": 0.9862561386872218
      }
    ],
    "oof_macro_f1": 0.9809101642615361,
    "per_class_f1": {
      "0": 0.9729064039408867,
      "1": 0.9987484355444305,
      "2": 0.9983754655677946,
      "3": 0.9503030303030303,
      "4": 0.9663760896637609,
      "5": 0.9987515605493134
    },
    "classification_report": {
      "0": {
        "precision": 0.9587378640776699,
        "recall": 0.9875,
        "f1-score": 0.9729064039408867,
        "support": 400.0
      },
      "1": {
        "precision": 1.0,
        "recall": 0.9975,
        "f1-score": 0.9987484355444305,
        "support": 400.0
      },
      "2": {
        "precision": 0.9991672614798953,
        "recall": 0.997584923588566,
        "f1-score": 0.9983754655677946,
        "support": 25258.0
      },
      "3": {
        "precision": 0.9223529411764706,
        "recall": 0.98,
        "f1-score": 0.9503030303030303,
        "support": 400.0
      },
      "4": {
        "precision": 0.9627791563275434,
        "recall": 0.97,
        "f1-score": 0.9663760896637609,
        "support": 400.0
      },
      "5": {
        "precision": 0.9975062344139651,
        "recall": 1.0,
        "f1-score": 0.9987515605493134,
        "support": 400.0
      },
      "accuracy": 0.9968082764692934,
      "macro avg": {
        "precision": 0.9734239095792575,
        "recall": 0.9887641539314277,
        "f1-score": 0.9809101642615361,
        "support": 27258.0
      },
      "weighted avg": {
        "precision": 0.9969006225276049,
        "recall": 0.9968082764692934,
        "f1-score": 0.9968376886533101,
        "support": 27258.0
      }
    },
    "postprocess": {
      "time_gating": {
        "enabled": true,
        "gate_classes": [
          0,
          3,
          4
        ],
        "fallback_class": 2,
        "changed": 11,
        "oof_macro_f1": 0.983124053623786,
        "per_class_f1": {
          "0": 0.9741060419235512,
          "1": 0.9987484355444305,
          "2": 0.9985540832293461,
          "3": 0.9549330085261876,
          "4": 0.973651191969887,
          "5": 0.9987515605493134
        },
        "classification_report": {
          "0": {
            "precision": 0.9610705596107056,
            "recall": 0.9875,
            "f1-score": 0.9741060419235512,
            "support": 400.0
          },
          "1": {
            "precision": 1.0,
            "recall": 0.9975,
            "f1-score": 0.9987484355444305,
            "support": 400.0
          },
          "2": {
            "precision": 0.9991279876332791,
            "recall": 0.9979808377543748,
            "f1-score": 0.9985540832293461,
            "support": 25258.0
          },
          "3": {
            "precision": 0.9311163895486936,
            "recall": 0.98,
            "f1-score": 0.9549330085261876,
            "support": 400.0
          },
          "4": {
            "precision": 0.9773299748110831,
            "recall": 0.97,
            "f1-score": 0.973651191969887,
            "support": 400.0
          },
          "5": {
            "precision": 0.9975062344139651,
            "recall": 1.0,
            "f1-score": 0.9987515605493134,
            "support": 400.0
          },
          "accuracy": 0.9971751412429378,
          "macro avg": {
            "precision": 0.9776918576696211,
            "recall": 0.9888301396257292,
            "f1-score": 0.983124053623786,
            "support": 27258.0
          },
          "weighted avg": {
            "precision": 0.997240589001216,
            "recall": 0.9971751412429378,
            "f1-score": 0.9971955069928892,
            "support": 27258.0
          }
        }
      }
    }
  },
  "model": {
    "type": "LinearSVC",
    "params": {
      "C": 0.25,
      "max_iter": 12000,
      "class_weight": "balanced"
    },
    "vectorizers": {
      "char": {
        "analyzer": "char_wb",
        "ngram_range": [
          2,
          8
        ],
        "min_df": 2,
        "max_features": 250000
      },
      "word": {
        "analyzer": "word",
        "ngram_range": [
          1,
          2
        ],
        "min_df": 2,
        "max_features": 120000
      }
    }
  },
  "artifacts": {
    "model_path": "forca-hack\\outputs\\callcenter\\expH_char2_8\\model.joblib",
    "metrics_path": "forca-hack\\outputs\\callcenter\\expH_char2_8\\metrics.json",
    "feature_spec_path": "forca-hack\\outputs\\callcenter\\expH_char2_8\\feature_spec.json",
    "fold_models": {
      "enabled": false,
      "n_models": 0,
      "dir": null,
      "manifest_path": null
    }
  }
}