{
  "run_id": "20251212_113243_utc",
  "utc_time": "2025-12-12T11:33:06.706386+00:00",
  "git_commit": "f13f5fa42b48feef43d965fd435f082f4dcf1cd1",
  "env": {
    "python": "3.13.3 (tags/v3.13.3:6280bb5, Apr  8 2025, 14:47:33) [MSC v.1943 64 bit (AMD64)]",
    "platform": "Windows-11-10.0.26200-SP0",
    "numpy": "2.3.5",
    "pandas": "2.3.3",
    "sklearn": "1.8.0"
  },
  "data": {
    "train_path": "forca-hack\\outputs\\callcenter\\clean\\train_clean.csv",
    "rows": 27258,
    "labels": [
      0,
      1,
      2,
      3,
      4,
      5
    ]
  },
  "cv": {
    "n_splits": 3,
    "seed": 42,
    "folds": [
      {
        "fold": 1,
        "n_train": 18172,
        "n_valid": 9086,
        "macro_f1": 0.979343083619224
      },
      {
        "fold": 2,
        "n_train": 18172,
        "n_valid": 9086,
        "macro_f1": 0.9744076403686659
      },
      {
        "fold": 3,
        "n_train": 18172,
        "n_valid": 9086,
        "macro_f1": 0.9849468757815781
      }
    ],
    "oof_macro_f1": 0.9794937332281584,
    "per_class_f1": {
      "0": 0.969173859432799,
      "1": 0.9987484355444305,
      "2": 0.9982366809977612,
      "3": 0.9443099273607748,
      "4": 0.967741935483871,
      "5": 0.9987515605493134
    },
    "classification_report": {
      "0": {
        "precision": 0.9562043795620438,
        "recall": 0.9825,
        "f1-score": 0.969173859432799,
        "support": 400.0
      },
      "1": {
        "precision": 1.0,
        "recall": 0.9975,
        "f1-score": 0.9987484355444305,
        "support": 400.0
      },
      "2": {
        "precision": 0.999087844536982,
        "recall": 0.9973869665056616,
        "f1-score": 0.9982366809977612,
        "support": 25258.0
      },
      "3": {
        "precision": 0.9154929577464789,
        "recall": 0.975,
        "f1-score": 0.9443099273607748,
        "support": 400.0
      },
      "4": {
        "precision": 0.9605911330049262,
        "recall": 0.975,
        "f1-score": 0.967741935483871,
        "support": 400.0
      },
      "5": {
        "precision": 0.9975062344139651,
        "recall": 1.0,
        "f1-score": 0.9987515605493134,
        "support": 400.0
      },
      "accuracy": 0.9965514711277423,
      "macro avg": {
        "precision": 0.9714804248773993,
        "recall": 0.9878978277509436,
        "f1-score": 0.9794937332281584,
        "support": 27258.0
      },
      "weighted avg": {
        "precision": 0.9966570789935453,
        "recall": 0.9965514711277423,
        "f1-score": 0.9965864104479393,
        "support": 27258.0
      }
    },
    "postprocess": {
      "time_gating": {
        "enabled": true,
        "gate_classes": [
          0,
          3,
          4
        ],
        "fallback_class": 2,
        "changed": 12,
        "oof_macro_f1": 0.9818944077616522,
        "per_class_f1": {
          "0": 0.9703703703703703,
          "1": 0.9987484355444305,
          "2": 0.9984351787659701,
          "3": 0.9500609013398295,
          "4": 0.975,
          "5": 0.9987515605493134
        },
        "classification_report": {
          "0": {
            "precision": 0.9585365853658536,
            "recall": 0.9825,
            "f1-score": 0.9703703703703703,
            "support": 400.0
          },
          "1": {
            "precision": 1.0,
            "recall": 0.9975,
            "f1-score": 0.9987484355444305,
            "support": 400.0
          },
          "2": {
            "precision": 0.999048638363658,
            "recall": 0.9978224720880513,
            "f1-score": 0.9984351787659701,
            "support": 25258.0
          },
          "3": {
            "precision": 0.9263657957244655,
            "recall": 0.975,
            "f1-score": 0.9500609013398295,
            "support": 400.0
          },
          "4": {
            "precision": 0.975,
            "recall": 0.975,
            "f1-score": 0.975,
            "support": 400.0
          },
          "5": {
            "precision": 0.9975062344139651,
            "recall": 1.0,
            "f1-score": 0.9987515605493134,
            "support": 400.0
          },
          "accuracy": 0.9969550223787512,
          "macro avg": {
            "precision": 0.9760762089779904,
            "recall": 0.9879704120146752,
            "f1-score": 0.9818944077616522,
            "support": 27258.0
          },
          "weighted avg": {
            "precision": 0.9970259723380654,
            "recall": 0.9969550223787512,
            "f1-score": 0.9969788044754734,
            "support": 27258.0
          }
        }
      }
    }
  },
  "model": {
    "type": "LinearSVC",
    "params": {
      "C": 0.2,
      "max_iter": 12000,
      "class_weight": "balanced"
    },
    "vectorizers": {
      "char": {
        "analyzer": "char_wb",
        "ngram_range": [
          3,
          8
        ],
        "min_df": 2,
        "max_features": 250000
      },
      "word": {
        "analyzer": "word",
        "ngram_range": [
          1,
          3
        ],
        "min_df": 2,
        "max_features": 200000
      }
    }
  },
  "artifacts": {
    "model_path": "forca-hack\\outputs\\callcenter\\expE_word1_3_200k_C0_2\\model.joblib",
    "metrics_path": "forca-hack\\outputs\\callcenter\\expE_word1_3_200k_C0_2\\metrics.json",
    "feature_spec_path": "forca-hack\\outputs\\callcenter\\expE_word1_3_200k_C0_2\\feature_spec.json",
    "fold_models": {
      "enabled": false,
      "n_models": 0,
      "dir": null,
      "manifest_path": null
    }
  }
}