{
  "run_id": "20251212_113309_utc",
  "utc_time": "2025-12-12T11:33:31.305543+00:00",
  "git_commit": "f13f5fa42b48feef43d965fd435f082f4dcf1cd1",
  "env": {
    "python": "3.13.3 (tags/v3.13.3:6280bb5, Apr  8 2025, 14:47:33) [MSC v.1943 64 bit (AMD64)]",
    "platform": "Windows-11-10.0.26200-SP0",
    "numpy": "2.3.5",
    "pandas": "2.3.3",
    "sklearn": "1.8.0"
  },
  "data": {
    "train_path": "forca-hack\\outputs\\callcenter\\clean\\train_clean.csv",
    "rows": 27258,
    "labels": [
      0,
      1,
      2,
      3,
      4,
      5
    ]
  },
  "cv": {
    "n_splits": 3,
    "seed": 42,
    "folds": [
      {
        "fold": 1,
        "n_train": 18172,
        "n_valid": 9086,
        "macro_f1": 0.9794474209707603
      },
      {
        "fold": 2,
        "n_train": 18172,
        "n_valid": 9086,
        "macro_f1": 0.9750897409148548
      },
      {
        "fold": 3,
        "n_train": 18172,
        "n_valid": 9086,
        "macro_f1": 0.9856716062015746
      }
    ],
    "oof_macro_f1": 0.9799927225788156,
    "per_class_f1": {
      "0": 0.9730392156862745,
      "1": 0.9987484355444305,
      "2": 0.9982758962366977,
      "3": 0.946987951807229,
      "4": 0.9641532756489494,
      "5": 0.9987515605493134
    },
    "classification_report": {
      "0": {
        "precision": 0.9543269230769231,
        "recall": 0.9925,
        "f1-score": 0.9730392156862745,
        "support": 400.0
      },
      "1": {
        "precision": 1.0,
        "recall": 0.9975,
        "f1-score": 0.9987484355444305,
        "support": 400.0
      },
      "2": {
        "precision": 0.999365154941872,
        "recall": 0.9971890094227571,
        "f1-score": 0.9982758962366977,
        "support": 25258.0
      },
      "3": {
        "precision": 0.913953488372093,
        "recall": 0.9825,
        "f1-score": 0.946987951807229,
        "support": 400.0
      },
      "4": {
        "precision": 0.9535452322738386,
        "recall": 0.975,
        "f1-score": 0.9641532756489494,
        "support": 400.0
      },
      "5": {
        "precision": 0.9975062344139651,
        "recall": 1.0,
        "f1-score": 0.9987515605493134,
        "support": 400.0
      },
      "accuracy": 0.9966248440824712,
      "macro avg": {
        "precision": 0.9697828388464487,
        "recall": 0.9907815015704595,
        "f1-score": 0.9799927225788156,
        "support": 27258.0
      },
      "weighted avg": {
        "precision": 0.9967605046142978,
        "recall": 0.9966248440824712,
        "f1-score": 0.9966661076689776,
        "support": 27258.0
      }
    },
    "postprocess": {
      "time_gating": {
        "enabled": true,
        "gate_classes": [
          0,
          3,
          4
        ],
        "fallback_class": 2,
        "changed": 11,
        "oof_macro_f1": 0.9821864955339071,
        "per_class_f1": {
          "0": 0.9742331288343559,
          "1": 0.9987484355444305,
          "2": 0.9984545886828341,
          "3": 0.9515738498789347,
          "4": 0.9713574097135741,
          "5": 0.9987515605493134
        },
        "classification_report": {
          "0": {
            "precision": 0.9566265060240964,
            "recall": 0.9925,
            "f1-score": 0.9742331288343559,
            "support": 400.0
          },
          "1": {
            "precision": 1.0,
            "recall": 0.9975,
            "f1-score": 0.9987484355444305,
            "support": 400.0
          },
          "2": {
            "precision": 0.999325771396843,
            "recall": 0.997584923588566,
            "f1-score": 0.9984545886828341,
            "support": 25258.0
          },
          "3": {
            "precision": 0.9225352112676056,
            "recall": 0.9825,
            "f1-score": 0.9515738498789347,
            "support": 400.0
          },
          "4": {
            "precision": 0.967741935483871,
            "recall": 0.975,
            "f1-score": 0.9713574097135741,
            "support": 400.0
          },
          "5": {
            "precision": 0.9975062344139651,
            "recall": 1.0,
            "f1-score": 0.9987515605493134,
            "support": 400.0
          },
          "accuracy": 0.9969917088561157,
          "macro avg": {
            "precision": 0.9739559430977301,
            "recall": 0.990847487264761,
            "f1-score": 0.9821864955339071,
            "support": 27258.0
          },
          "weighted avg": {
            "precision": 0.9970920202809185,
            "recall": 0.9969917088561157,
            "f1-score": 0.9970222230082643,
            "support": 27258.0
          }
        }
      }
    }
  },
  "model": {
    "type": "LinearSVC",
    "params": {
      "C": 0.15,
      "max_iter": 12000,
      "class_weight": "balanced"
    },
    "vectorizers": {
      "char": {
        "analyzer": "char_wb",
        "ngram_range": [
          3,
          8
        ],
        "min_df": 2,
        "max_features": 250000
      },
      "word": {
        "analyzer": "word",
        "ngram_range": [
          1,
          2
        ],
        "min_df": 2,
        "max_features": 120000
      }
    }
  },
  "artifacts": {
    "model_path": "forca-hack\\outputs\\callcenter\\expF_C0_15\\model.joblib",
    "metrics_path": "forca-hack\\outputs\\callcenter\\expF_C0_15\\metrics.json",
    "feature_spec_path": "forca-hack\\outputs\\callcenter\\expF_C0_15\\feature_spec.json",
    "fold_models": {
      "enabled": false,
      "n_models": 0,
      "dir": null,
      "manifest_path": null
    }
  }
}