{
  "expert": "fr",
  "tokenization": "word",
  "device": "cpu",
  "vocab_size": 2124,
  "oof_macro_f1": 0.2689219842596684,
  "fold_scores": [
    0.22992372382000306,
    0.2929349893091459
  ],
  "fold_details": [
    {
      "fold": 1,
      "macro_f1": 0.22992372382000306,
      "best_f1": 0.22992372382000306,
      "best_epoch": 1,
      "epochs_ran": 1
    },
    {
      "fold": 2,
      "macro_f1": 0.2929349893091459,
      "best_f1": 0.2929349893091459,
      "best_epoch": 1,
      "epochs_ran": 1
    }
  ]
}